keyword,alpha,revenue,budget
#AntManAndTheWasp,0.007962826,476.1,200
#CocaineBear,0.011455487,89.7,35
#CreedIII,0.008358461,275.3,75
#DungeonsAndDragons,0.019774987,208.2,150
#JohnWick4,0.014857467,440,100
#KnockattheCabin,0.014171993,54.8,20
#MarioMovie,0.030300687,1362,100
#ScreamVI,0.019974686,169,35
#ShazamFuryOfTheGods,0.010284417,133.8,125
